itemcode,etfTabCode,itemname,nowVal,risefall,changeVal,changeRate,nav,threeMonthEarnRate,quant,amonut,marketSum
069500,1,KODEX 200,42410,5,-720,-1.67,42521.0,38.3524,17197596,729632,61007
102110,1,TIGER 200,42275,5,-695,-1.62,42352.0,38.4342,2474866,104450,31791
252670,3,KODEX 200선물인버스2X,2125,2,70,3.41,2131.0,-50.0608,687517008,1456588,21042
102780,2,KODEX 삼성그룹,10355,5,-175,-1.66,10359.0,35.9586,374149,3876,18225
153130,6,KODEX 단기채권,102690,3,0,0.0,102691.0,0.1365,12851,1319,17435
278530,1,KODEX 200TR,13665,5,-235,-1.69,13685.0,38.7918,66101,901,17382
122630,3,KODEX 레버리지,26870,5,-955,-3.43,27018.0,87.753,42107687,1134242,17358
278540,1,KODEX MSCI Korea TR,13745,5,-155,-1.12,13736.0,39.0695,315236,4342,17085
310970,1,TIGER MSCI Korea TR,17255,5,-270,-1.54,17251.0,40.0319,187726,3228,16237
273130,6,KODEX 종합채권(AA-이상)액티브,109825,5,-45,-0.04,109783.0,-0.408,21625,2374,14941
148020,1,KBSTAR 200,42515,5,-750,-1.73,42616.0,38.7098,455953,19368,12925
114800,3,KODEX 인버스,3935,2,70,1.81,3942.0,-28.8869,94844790,372766,12025
233740,1,KODEX 코스닥150 레버리지,15800,5,-405,-2.5,15977.0,42.3989,13936980,219544,11060
305720,2,KODEX 2차전지산업,20135,5,-40,-0.2,20133.0,69.9663,3162364,63611,10410
152100,1,ARIRANG 200,42735,5,-715,-1.65,42831.0,38.623,172737,7381,8462
292150,2,TIGER TOP10,15155,5,-285,-1.85,15152.0,47.0476,801887,12144,8259
214980,6,KODEX 단기채권PLUS,102950,3,0,0.0,102952.0,0.1654,3821,393,8136
139260,2,TIGER 200 IT,40025,5,-955,-2.33,40015.0,56.8012,601752,24091,8061
105190,1,KINDEX 200,42685,5,-740,-1.7,42794.0,38.738,192071,8224,7577
364980,2,TIGER KRX2차전지K-뉴딜,18385,5,-130,-0.7,18375.0,79.9319,1824493,33539,7510
305540,2,TIGER 2차전지테마,18180,5,-135,-0.74,18173.0,63.3809,1503661,27313,7081
069660,1,KOSEF 200,42550,5,-740,-1.71,42654.0,38.6389,105822,4501,6489
293180,1,HANARO 200,42435,5,-695,-1.61,42509.0,38.4501,72791,3079,6323
133690,4,TIGER 미국나스닥100,67070,5,-580,-0.86,,20.0425,99673,6684,6305
157450,6,TIGER 단기통안채,100070,2,5,0.0,100068.0,0.12,613,61,6072
294400,1,KOSEF 200TR,49600,5,-840,-1.67,49707.0,38.6095,36568,1811,4737
295040,1,SMART 200TR,14180,5,-255,-1.77,14233.0,38.5316,53989,766,4531
371460,4,TIGER 차이나전기차SOLACTIVE,13285,5,-375,-2.75,,,3218697,42842,4522
357870,7,TIGER CD금리투자KIS(합성),50200,2,5,0.01,50200.0,0.1496,2001,100,4398
251340,3,KODEX 코스닥150선물인버스,4495,2,55,1.24,4503.0,-19.1257,48785236,220036,4351
364960,2,TIGER KRX BBIG K-뉴딜,13825,5,-60,-0.43,13810.0,40.6075,1167103,16063,4265
261220,5,KODEX WTI원유선물(H),8400,2,185,2.25,,44.2493,2091695,17526,4091
332940,1,HANARO MSCI Korea TR,17245,5,-255,-1.46,17237.0,39.4422,84,1,4053
315930,2,KODEX Top5PlusTR,19115,5,-330,-1.7,19101.0,38.8432,34066,652,3938
229200,1,KODEX 코스닥 150,14915,5,-175,-1.16,15027.0,20.3349,3146942,46741,3908
314250,4,KODEX 미국FANG플러스(H),27215,5,-65,-0.24,,27.1202,303278,8231,3851
226490,1,KODEX 코스피,31425,5,-500,-1.57,31503.0,35.851,365385,11469,3802
251350,4,KODEX 선진국MSCI World,16920,5,-25,-0.15,,16.1014,39647,671,3739
091180,2,KODEX 자동차,26225,5,-5,-0.02,26230.0,66.9105,1157802,30442,3737
192090,4,TIGER 차이나CSI300,12380,5,-90,-0.72,,16.7165,797058,9841,3541
332500,1,KINDEX 200TR,25430,5,-450,-1.74,25487.0,38.6923,18662,473,3357
232080,1,TIGER 코스닥150,14985,5,-175,-1.15,15103.0,20.222,230823,3436,2514
148070,6,KOSEF 국고채10년,122300,5,-185,-0.15,122266.0,-0.7576,4800,586,2446
275980,4,TIGER 글로벌4차산업혁신기술(합성 H),17790,5,-240,-1.33,,24.948,173760,3090,2419
132030,5,KODEX 골드선물(H),12455,5,-110,-0.88,,-3.6057,373728,4661,2404
290130,2,KBSTAR ESG사회책임투자,14075,5,-265,-1.85,14107.0,43.2567,645807,9118,2358
168580,4,KINDEX 중국본토CSI300,33395,2,15,0.04,,17.8256,8465,281,2171
091170,2,KODEX 은행,6055,5,-55,-0.9,6075.0,4.6232,693861,4227,2125
245710,4,KINDEX 베트남VN30(합성),15765,2,175,1.12,,20.6189,335398,5289,2065
278240,1,KBSTAR 코스닥150선물레버리지,15910,5,-380,-2.33,15904.0,44.2231,170485,2696,2054
306540,6,HANARO 단기통안채,102940,2,15,0.01,102937.0,0.1167,1,0,2047
367770,2,KBSTAR Fn수소경제테마,13935,2,95,0.69,13940.0,37.9172,879689,12204,1895
328370,1,ARIRANG 코스피TR,15480,5,-200,-1.28,15468.0,36.5853,17503,269,1827
302450,1,KBSTAR 코스피,31600,5,-420,-1.31,31591.0,36.5167,834,26,1817
270810,1,KBSTAR 코스닥150,14640,5,-205,-1.38,14795.0,19.5249,15481,226,1792
325020,2,KODEX 배당가치,12725,5,-100,-0.78,12708.0,27.9301,60865,768,1680
150460,2,TIGER 중국소비테마,7830,5,-85,-1.07,7828.0,19.0225,66605,520,1675
332930,1,HANARO 200TR,49680,5,-855,-1.69,49759.0,38.718,5505,273,1664
161510,2,ARIRANG 고배당주,10565,2,5,0.05,10567.0,10.2296,76764,810,1604
272580,6,TIGER 단기채권액티브,50040,3,0,0.0,50039.0,0.11,4340,217,1603
204480,4,TIGER 차이나CSI300레버리지(합성),36380,5,-430,-1.17,,39.4318,491264,17686,1601
091160,2,KODEX 반도체,35510,5,-555,-1.54,35508.0,41.0441,242812,8605,1491
196230,6,KBSTAR 단기통안채,104265,3,0,0.0,104271.0,0.1585,687804,71717,1476
143850,4,TIGER 미국S&P500선물(H),44540,5,-185,-0.41,,15.703,15138,674,1392
143860,2,TIGER 헬스케어,49145,5,-745,-1.49,49389.0,15.3792,39609,1948,1386
190620,6,KINDEX 단기통안채,100160,2,5,0.0,100163.0,0.1239,837,83,1382
144600,5,KODEX 은선물(H),5520,5,-50,-0.9,,10.6256,2252351,12481,1369
360750,4,TIGER 미국S&P500,10770,5,-15,-0.14,,13.6219,234960,2530,1357
267770,3,TIGER 200선물레버리지,20095,5,-740,-3.55,20091.0,86.8609,651755,13164,1306
138540,2,TIGER 현대차그룹+펀더멘털,28495,2,380,1.35,28496.0,54.4355,217205,6187,1265
139280,2,TIGER 경기방어,12800,5,-100,-0.78,12801.0,16.321,17519,224,1260
325010,2,KODEX Fn성장,18860,5,-335,-1.75,18828.0,38.8426,2857,53,1245
360200,4,KINDEX 미국S&P500,10845,5,-15,-0.14,,13.622,98914,1072,1204
367380,4,KINDEX 미국나스닥100,11525,5,-95,-0.82,,19.7691,147395,1696,1187
252710,3,TIGER 200선물인버스2X,2200,2,75,3.53,2205.0,-49.9412,5168426,11318,1177
273140,6,KODEX 단기변동금리부채권액티브,102415,3,0,0.0,102417.0,0.1662,0,0,1169
176950,6,KODEX 국채선물10년인버스,46440,2,105,0.23,46433.0,1.157,626,29,1137
130680,5,TIGER 원유선물Enhanced(H),2525,2,55,2.23,,34.6049,1318088,3320,1110
219480,4,KODEX 미국S&P500선물(H),18305,5,-75,-0.41,,15.6702,47720,874,1098
108450,2,KINDEX 삼성그룹섹터가중,16685,5,-225,-1.33,16688.0,36.7569,3993,66,1068
282000,3,KBSTAR 국고채3년선물인버스,99425,3,0,0.0,99396.0,-0.0804,6,0,1026
368190,2,HANARO Fn K-뉴딜디지털플러스,13535,5,-215,-1.56,13576.0,,424372,5761,1022
156080,1,KODEX MSCI Korea,20290,5,-295,-1.43,20405.0,38.7129,1158,23,1015
233160,1,TIGER 코스닥150 레버리지,16775,5,-400,-2.33,16921.0,42.4129,281730,4724,998
371160,4,TIGER 차이나항셍테크,12365,5,-220,-1.75,,,442863,5468,989
091230,2,TIGER 반도체,36405,5,-685,-1.85,36364.0,41.376,97105,3524,968
367760,2,KBSTAR Fn5G테크,12085,5,-230,-1.87,12085.0,20.8537,159545,1928,967
283580,4,KODEX 중국본토CSI300,14995,5,-20,-0.13,,16.8937,56648,846,960
114260,6,KODEX 국고채3년,58170,2,30,0.05,58160.0,0.2068,5685,330,942
225040,4,TIGER 미국S&P500레버리지(합성 H),25385,5,-195,-0.76,,32.8486,15984,405,939
315960,2,KBSTAR 대형고배당10TR,16445,5,-285,-1.7,16498.0,39.0689,4717,78,921
302190,6,TIGER 중장기국채,52735,5,-60,-0.11,52723.0,-0.3285,7850,413,896
195930,4,TIGER 유로스탁스50(합성 H),12090,5,-30,-0.25,,17.9562,21761,263,846
272560,6,KBSTAR 단기국공채액티브,101800,2,5,0.0,101800.0,0.2461,183,18,819
292190,1,KODEX KRX300,19555,5,-385,-1.93,19640.0,36.7626,66547,1301,802
364970,2,TIGER KRX바이오K-뉴딜,12045,5,-115,-0.95,12051.0,18.4031,166304,1997,801
245360,4,TIGER 차이나HSCEI,13485,5,-10,-0.07,,11.8895,24069,322,782
195980,4,ARIRANG 신흥국MSCI(합성 H),13350,5,-60,-0.45,,22.9711,38208,511,702
102970,2,KODEX 증권,7780,5,-135,-1.71,7777.0,23.8654,161244,1254,700
292500,1,SMART KRX300,19540,5,-340,-1.71,19615.0,37.1034,9857,192,684
371470,4,TIGER 차이나바이오테크SOLACTIVE,13230,5,-50,-0.38,,,126763,1671,662
182480,7,TIGER 미국MSCI리츠(합성 H),12475,2,40,0.32,,13.3959,37657,470,661
372330,4,KODEX 차이나항셍테크,12420,5,-190,-1.51,,,2312167,28584,658
256750,4,KODEX 심천ChiNext(합성),13950,5,-185,-1.31,,21.3825,51529,724,656
310960,1,TIGER 200TR,22260,5,-355,-1.57,22297.0,38.4026,523,11,646
277630,1,TIGER 코스피,31455,5,-315,-0.99,31466.0,35.8447,1387,43,645
219390,4,KBSTAR 미국S&P원유생산기업(합성 H),3090,2,85,2.83,,54.1025,679703,2096,641
326240,2,KBSTAR IT플러스,21480,5,-445,-2.03,21518.0,40.7704,257030,5537,640
114820,6,TIGER 국채3년,111310,2,10,0.01,111314.0,0.2476,457,50,634
298770,4,KODEX 한국대만IT프리미어,19760,5,-290,-1.45,,41.4462,228746,4531,632
336160,6,KBSTAR 금융채액티브,103455,2,5,0.0,103420.0,0.6714,96,9,631
157490,2,TIGER 소프트웨어,16505,5,-445,-2.63,16507.0,28.5551,149143,2466,617
329200,2,TIGER 부동산인프라고배당,4975,5,-5,-0.1,4985.0,6.0477,55298,275,617
363580,2,KODEX 200IT TR,14995,5,-305,-1.99,14978.0,55.9633,8863,132,615
289260,2,TIGER MSCI KOREA ESG리더스,12145,5,-245,-1.98,12171.0,39.8419,9456,114,598
261240,7,KODEX 미국달러선물,9915,2,35,0.35,9915.0,-1.4464,100706,996,595
136340,6,KBSTAR 중기우량회사채,105530,2,10,0.01,105507.0,0.9741,668,70,591
123310,3,TIGER 인버스,4345,2,90,2.12,4345.0,-28.7867,654343,2833,591
266360,2,KODEX 미디어&엔터테인먼트,21520,5,-650,-2.93,21512.0,27.4504,44921,970,581
243880,2,TIGER 200IT레버리지,71790,5,-3400,-4.52,71876.0,139.764,34105,2448,574
266370,2,KODEX IT,21850,5,-440,-1.97,21851.0,48.6,64720,1412,568
174360,4,KBSTAR 중국본토대형주CSI100,23585,2,5,0.02,,17.6059,36607,860,566
304780,1,HANARO 200선물레버리지,29230,5,-1030,-3.4,29189.0,87.4845,9972,290,555
337140,2,KODEX 코스피대형주,14945,5,-240,-1.58,15018.0,37.9827,27928,417,538
137610,5,TIGER 농산물선물Enhanced(H),5620,2,60,1.08,,19.5698,69971,392,500
130730,6,KOSEF 단기자금,100920,2,15,0.01,100913.0,0.1528,425970,42986,485
122260,6,KOSEF 통안채1년,101130,2,10,0.01,101118.0,0.2518,816946,82609,475
305080,6,TIGER 미국채10년선물,11675,2,20,0.17,,-2.6723,28860,336,467
292050,1,KBSTAR KRX300,19800,5,-305,-1.52,19792.0,37.1418,2910,57,465
365000,2,TIGER KRX인터넷K-뉴딜,11385,5,-130,-1.13,11403.0,19.4502,127119,1444,461
245340,4,TIGER 미국다우존스30,17225,3,0,0.0,,11.9378,14180,243,448
117700,2,KODEX 건설,3165,5,-65,-2.01,3160.0,39.5248,3632898,11656,430
359210,1,KODEX 코스피TR,14280,5,-115,-0.8,14294.0,35.1643,3905,55,428
272570,6,KBSTAR 중장기국공채액티브,104305,3,0,0.0,104276.0,0.4768,114,11,428
368590,4,KBSTAR 미국나스닥100,11170,5,-85,-0.76,,,582974,6500,424
364990,2,TIGER KRX게임K-뉴딜,12355,5,-155,-1.24,12397.0,33.44,61832,762,408
356540,6,KINDEX KIS종합채권(AA-이상)액티브,99165,5,-35,-0.04,99214.0,-0.4816,6,0,397
139250,2,TIGER 200 에너지화학,22455,5,-260,-1.14,22519.0,56.2242,31951,718,391
169950,4,KODEX 중국본토 A50,25220,2,380,1.53,,18.4831,24126,602,378
228810,2,TIGER 미디어컨텐츠,6800,5,-45,-0.66,6792.0,30.2568,190876,1295,377
306520,3,HANARO 200선물인버스,9020,2,155,1.75,9040.0,-28.8238,18076,163,374
371450,4,TIGER 글로벌클라우드컴퓨팅INDXX,11370,5,-40,-0.35,,,66222,752,373
304770,1,HANARO 코스닥150,14795,5,-185,-1.23,14903.0,20.2247,1514,22,373
363570,6,KODEX 장기종합채권(AA-이상)액티브KAP,98015,5,-35,-0.04,97992.0,-1.2539,52,5,370
099140,4,KODEX China H,22940,5,-135,-0.59,,13.1127,8864,202,367
329750,6,TIGER 미국달러단기채권액티브,9585,2,30,0.31,,-1.5963,56178,537,354
280930,4,KODEX 미국러셀2000(H),14030,2,45,0.32,,36.5722,34376,481,351
304940,4,KODEX 미국나스닥100선물(H),17050,5,-195,-1.13,,21.9589,57980,988,350
114100,6,KBSTAR 국고채3년,113570,2,5,0.0,113573.0,0.3135,268,30,341
114470,6,KOSEF 국고채3년,112940,5,-35,-0.03,112989.0,0.2662,297,33,339
261250,7,KODEX 미국달러선물레버리지,9090,2,55,0.61,9093.0,-3.1619,83291,755,338
292160,1,TIGER KRX300,19555,5,-305,-1.54,19555.0,37.3064,5907,115,332
204450,4,KODEX China H 레버리지(H),8030,5,-165,-2.01,,29.8732,30335,243,329
289040,2,KODEX MSCI KOREA ESG유니버설,12630,5,-230,-1.79,12705.0,37.2465,2237,28,328
252400,3,KBSTAR 200선물레버리지,24390,5,-925,-3.65,24384.0,87.7271,53302,1299,317
316670,1,KOSEF 코스닥150,7405,5,-55,-0.74,7409.0,19.8393,208,1,317
203780,4,TIGER 미국나스닥바이오,21040,5,-150,-0.71,,22.7978,15726,331,316
354500,1,KINDEX 코스닥150,14815,5,-210,-1.4,14895.0,20.0559,629,9,311
123320,3,TIGER 레버리지,25370,5,-950,-3.61,25418.0,88.6738,195296,4978,304
252420,3,KBSTAR 200선물인버스2X,2125,2,70,3.41,2131.0,-50.0608,1566353,3315,293
276650,4,KBSTAR 글로벌4차산업IT(합성 H),20895,2,165,0.8,,21.228,18520,384,293
250780,3,TIGER 코스닥150선물인버스,4595,2,55,1.21,4596.0,-18.8562,866371,3988,292
138230,7,KOSEF 미국달러선물,11785,2,40,0.34,11781.0,-1.7238,3587,42,284
152870,1,파워 200,43250,5,-785,-1.78,43388.0,38.7147,278,12,281
223190,2,KODEX 200가치저변동,10760,5,-85,-0.78,10756.0,30.192,11014,118,280
269540,4,ARIRANG 미국S&P500(H),15540,5,-80,-0.51,,15.4471,12717,197,280
217780,4,TIGER 차이나CSI300인버스(합성),7320,2,50,0.69,,-15.9538,11164,81,278
361580,1,KBSTAR 200TR,21375,5,-370,-1.7,21418.0,38.8126,901,19,278
200250,4,KOSEF 인도Nifty50(합성),15455,2,35,0.23,,24.2045,32793,504,270
225130,4,KINDEX 골드선물 레버리지(합성 H),17965,5,-370,-2.02,,-8.1413,64946,1171,269
227830,1,ARIRANG 코스피,31600,5,-480,-1.5,31752.0,35.4844,10448,329,269
363510,6,SMART KIS단기통안채,100185,3,0,0.0,100187.0,0.1249,0,0,267
279530,2,KODEX 고배당,8835,2,55,0.63,8832.0,14.3229,9350,82,265
253250,3,KOSEF 200선물레버리지,24045,5,-905,-3.63,24034.0,87.5234,20492,493,264
272910,6,KINDEX 중장기국공채액티브,102420,5,-45,-0.04,102450.0,0.0195,47,4,263
266420,2,KODEX 헬스케어,21490,5,-320,-1.47,21604.0,15.0923,17673,380,258
139220,2,TIGER 200 건설,2765,5,-60,-2.12,2763.0,45.6185,1284807,3611,257
332620,6,ARIRANG 미국장기우량회사채,98110,5,-460,-0.47,,-1.8814,661,64,255
228800,2,TIGER 여행레저,4470,5,-55,-1.22,4483.0,18.6107,250734,1123,255
276970,4,KODEX 미국S&P고배당커버드콜(합성 H),9610,5,-5,-0.05,,9.6726,12549,120,250
211900,2,KODEX 배당성장,15105,5,-40,-0.26,15105.0,25.6325,7330,110,249
244580,2,KODEX 바이오,16005,5,-315,-1.93,16127.0,23.3094,45347,729,243
309230,2,KINDEX 미국WideMoat가치주,14300,2,5,0.03,,16.9325,3221,45,243
227540,2,TIGER 200 헬스케어,28705,5,-595,-2.03,28705.0,9.145,13928,401,241
278620,6,ARIRANG 단기채권액티브,105900,2,10,0.01,105903.0,0.2319,4,0,234
266410,2,KODEX 필수소비재,9745,5,-65,-0.66,9791.0,14.4023,12005,117,234
236350,4,TIGER 인도니프티50레버리지(합성),17965,2,155,0.87,,53.6006,36275,644,234
182490,6,TIGER 단기선진하이일드(합성 H),12215,5,-20,-0.16,,5.1568,331,4,232
329650,7,KODEX TRF3070,10915,2,10,0.09,10882.0,4.6545,32853,358,229
243890,2,TIGER 200에너지화학레버리지,26780,5,-135,-0.5,26659.0,138.1858,34437,922,228
367740,2,HANARO Fn5G산업,12870,5,-120,-0.92,12870.0,29.5114,36481,469,225
228790,2,TIGER 화장품,3660,5,-15,-0.41,3662.0,12.5574,157754,576,220
332610,6,ARIRANG 미국단기우량회사채,95100,2,280,0.3,,-1.5113,81,7,219
117460,2,KODEX 에너지화학,20720,5,-110,-0.53,20784.0,50.1261,28964,599,218
292730,1,FOCUS KRX300,19690,5,-290,-1.45,19715.0,36.4754,41,0,217
237370,7,KODEX 배당성장채권혼합,11865,5,-15,-0.13,11865.0,7.8529,7997,94,214
319640,4,TIGER 골드선물(H),13255,5,-120,-0.9,,-3.4297,21214,282,212
306950,3,KODEX KRX300레버리지,21110,5,-675,-3.1,21145.0,82.9903,8544,181,211
285690,2,FOCUS ESG리더스,10825,5,-25,-0.23,10827.0,31.5949,1732,18,211
139270,2,TIGER 200 금융,6020,5,-100,-1.63,6043.0,7.3684,34159,205,211
304660,6,KODEX 미국채울트라30년선물(H),12605,5,-125,-0.98,,-4.4295,14661,184,202
337150,2,KODEX 200exTOP,14310,5,-175,-1.21,14317.0,34.6189,74,1,200
225800,3,KOSEF 미국달러선물레버리지,8640,2,40,0.47,8656.0,-3.4793,2213,19,200
270800,2,KBSTAR KQ고배당,15350,2,20,0.13,15355.0,24.1295,24157,367,200
322410,2,HANARO 고배당,9160,2,75,0.83,9153.0,13.4915,3622,33,197
138520,2,TIGER 삼성그룹펀더멘털,12805,5,-225,-1.73,12805.0,36.5828,272033,3479,195
114460,6,KINDEX 국고채3년,107350,5,-20,-0.02,107354.0,0.2708,160,17,193
341850,7,TIGER KIS부동산인프라채권TR,5200,3,0,0.0,5206.0,-0.4785,9652,50,192
108590,1,TREX 200,42740,5,-695,-1.6,42809.0,38.0642,486,20,192
337120,2,KODEX Fn멀티팩터,14785,5,-190,-1.27,14774.0,36.1363,4442,65,192
230480,3,KOSEF 미국달러선물인버스2X,8835,5,-45,-0.51,8831.0,2.9565,2038,18,186
287180,4,ARIRANG 미국나스닥기술주,20665,5,-335,-1.6,,23.2394,21206,438,186
251590,2,ARIRANG 고배당저변동50,10045,5,-75,-0.74,10038.0,13.8357,3200,32,186
138530,2,TIGER LG그룹+펀더멘털,11880,5,-60,-0.5,11916.0,45.4323,50141,596,185
219900,4,KINDEX 중국본토CSI300레버리지(합성),6310,5,-35,-0.55,,34.5705,33049,206,183
152380,6,KODEX 국채선물10년,70605,5,-125,-0.18,70611.0,-1.0908,15732,1110,182
122090,1,ARIRANG 코스피50,30215,5,-475,-1.55,30208.0,40.7152,2023,61,181
322400,2,HANARO e커머스,16360,5,-180,-1.09,16362.0,22.7913,29091,475,180
138910,5,KODEX 구리선물(H),6610,2,90,1.38,,12.5107,59347,391,178
304760,1,HANARO KRX300,19750,2,30,0.15,19416.0,36.8684,1,0,178
275290,2,KODEX MSCI밸류,12690,5,-170,-1.32,12748.0,34.5188,75,0,178
360140,2,KODEX 200롱코스닥150숏선물,11540,5,-85,-0.73,11554.0,12.6999,86,0,173
218420,4,KODEX 미국S&P에너지(합성),5490,2,120,2.23,,33.4161,73738,403,173
253160,3,ARIRANG 200선물인버스2X,4240,2,140,3.41,4249.0,-50.0305,442827,1885,170
365040,1,TIGER AI코리아그로스액티브,13545,5,-115,-0.84,13546.0,36.3273,77279,1044,163
315270,2,TIGER 200커뮤니케이션서비스,29000,5,-575,-1.94,28958.0,26.1462,1381,40,162
256440,4,KINDEX 인도네시아MSCI(합성),8965,5,-45,-0.5,,20.2134,6385,57,161
143460,2,KINDEX 밸류대형,10085,5,-110,-1.08,10086.0,39.3711,31,0,161
280320,4,KINDEX 미국IT인터넷S&P(합성 H),19770,2,30,0.15,,19.927,4266,84,158
272230,2,KINDEX 스마트밸류,15770,5,-240,-1.5,15775.0,38.0767,26,0,158
153270,1,KOSEF 코스피100,32615,5,-530,-1.6,32612.0,38.566,522,17,157
168300,1,KTOP 코스피50,30585,5,-385,-1.24,30612.0,39.6932,173,5,156
225050,4,TIGER 유로스탁스레버리지(합성 H),7755,2,5,0.06,,37.2896,11455,88,155
183700,7,KBSTAR 채권혼합,64470,5,-365,-0.56,64480.0,11.0549,58,3,155
248270,4,TIGER S&P글로벌헬스케어(합성),15440,5,-85,-0.55,,9.1772,2941,45,154
276990,4,KODEX 글로벌4차산업로보틱스(합성),17980,5,-70,-0.39,,36.6906,10483,188,153
277540,4,KINDEX S&P아시아TOP50,16900,5,-85,-0.5,,27.6108,44485,749,152
331910,2,KOSEF Fn중소형,21605,2,10,0.05,21576.0,23.789,870,18,151
279540,2,KODEX 최소변동성,12420,5,-165,-1.31,12449.0,18.3913,178,2,149
139230,2,TIGER 200 중공업,2735,5,-25,-0.91,2740.0,16.2105,147881,403,149
237350,1,KODEX 코스피100,32855,5,-565,-1.69,33030.0,38.2133,1375,45,148
210780,2,TIGER 코스피고배당,12015,5,-35,-0.29,12013.0,17.0471,28199,338,148
284430,6,KODEX 200미국채혼합,13155,5,-115,-0.87,13188.0,12.4576,17616,231,147
307010,3,KBSTAR KRX300레버리지,20830,5,-700,-3.25,20882.0,82.6898,287,6,146
271060,5,KODEX 3대농산물선물(H),10100,2,190,1.92,,22.0443,34891,351,145
253150,3,ARIRANG 200선물레버리지,48460,5,-1710,-3.41,48353.0,87.9026,2796,136,145
140950,1,파워 코스피100,32920,5,-730,-2.17,33033.0,39.5975,68,2,145
229720,1,KODEX KTOP30,23585,5,-165,-0.69,23571.0,39.1737,1280,29,142
228820,1,TIGER KTOP30,11645,5,-100,-0.85,11643.0,39.1587,27207,314,140
292750,1,ARIRANG KRX300,19640,5,-355,-1.78,19667.0,37.234,72,1,137
361590,2,KBSTAR 코스피ex200,12410,2,55,0.45,12414.0,23.3033,163,2,137
245350,4,TIGER 유로스탁스배당30,11115,2,10,0.09,,20.6147,2320,25,133
277650,2,TIGER 코스피중형주,15590,5,-195,-1.24,15667.0,25.2777,212,3,133
159800,1,마이티 코스피100,32770,5,-240,-0.73,32678.0,40.0212,33,1,131
276000,4,TIGER 글로벌자원생산기업(합성 H),11890,2,10,0.08,,24.3979,2781,33,131
239660,6,ARIRANG 우량회사채50 1년,108545,2,5,0.0,108544.0,0.2678,485,52,130
261120,7,TIGER 미국달러선물인버스2X,9970,5,-90,-0.89,9985.0,2.7579,59,0,130
253290,7,KBSTAR 헬스케어채권혼합,12780,5,-45,-0.35,12775.0,4.865,18012,230,128
272220,2,KINDEX 스마트모멘텀,18230,5,-340,-1.83,18239.0,37.6575,145,2,128
300950,2,KODEX 게임산업,14165,5,-335,-2.31,14240.0,25.7043,11470,162,127
152500,3,KINDEX 레버리지,10615,5,-350,-3.19,10591.0,88.0789,67133,711,127
308620,6,KODEX 미국채10년선물,11555,2,40,0.35,,-2.2496,7475,86,127
360150,2,KODEX 코스닥150롱코스피200숏선물,8385,2,45,0.54,8409.0,-13.2155,549,4,126
248260,4,TIGER 일본TOPIX헬스케어(합성),12520,5,-75,-0.6,,11.4601,8,0,125
285000,2,KBSTAR 200IT,17875,5,-370,-2.03,17885.0,55.9401,1715,30,125
241180,4,TIGER 일본니케이225,17820,5,-10,-0.06,,18.6294,1127,20,125
104520,2,KOSEF 블루칩,10390,5,-45,-0.43,10388.0,30.1122,1318,13,125
244620,2,KODEX 모멘텀Plus,12460,5,-130,-1.03,12463.0,16.3048,2150,26,125
100910,1,KOSEF KRX100,6805,5,-90,-1.31,6800.0,37.9,314,2,122
368680,2,KODEX Fn K-뉴딜디지털플러스,13590,5,-230,-1.66,13583.0,,72867,989,122
364690,1,KODEX 혁신기술테마액티브,13575,5,-125,-0.91,13556.0,36.9315,17014,231,122
167860,6,KOSEF 국고채10년레버리지,132995,5,-655,-0.49,133072.0,-2.075,111,14,120
329670,7,KODEX TRF7030,11845,2,30,0.25,11811.0,10.9389,1298,15,118
316300,7,KINDEX 싱가포르리츠,11770,5,-70,-0.59,,9.6296,1648,19,118
117680,2,KODEX 철강,7300,5,-30,-0.41,7338.0,21.5588,37485,273,118
277640,2,TIGER 코스피대형주,15620,5,-200,-1.26,15640.0,38.4925,230,3,117
225060,4,TIGER 이머징마켓MSCI레버리지(합성 H),16660,5,-145,-0.86,,50.7174,4655,77,117
269420,4,KODEX S&P글로벌인프라(합성),11055,2,95,0.87,,11.6089,1840,20,115
251600,7,ARIRANG 고배당주채권혼합,10400,5,-40,-0.38,10420.0,4.4,14030,145,114
329660,7,KODEX TRF5050,11375,2,15,0.13,11357.0,7.5248,9200,104,114
265690,4,KINDEX 러시아MSCI(합성),25180,5,-10,-0.04,,25.6045,1337,33,113
183710,7,KBSTAR 주식혼합,44755,5,-510,-1.13,44743.0,26.1039,184,8,112
213610,2,KODEX 삼성그룹밸류,9315,5,-155,-1.64,9319.0,26.9436,38010,355,112
238720,4,KINDEX 일본Nikkei225(H),18620,5,-165,-0.88,,23.342,63,1,112
139660,7,KOSEF 미국달러선물인버스,10720,5,-35,-0.33,10716.0,1.4622,45,0,111
237440,7,TIGER 경기방어채권혼합,10125,5,-35,-0.34,10127.0,4.9912,7996,81,111
371130,4,KINDEX 블룸버그베트남VN30선물레버리지(H),12300,5,-20,-0.16,,,105929,1324,111
234310,2,KBSTAR V&S셀렉트밸류,15530,5,-130,-0.83,15547.0,31.5966,84,1,109
319870,2,KBSTAR KRX300미국달러선물혼합,15445,5,-195,-1.25,15419.0,34.1337,48,0,108
261060,2,TIGER 코스닥150IT,16775,5,-125,-0.74,16772.0,23.7641,4792,80,107
322150,2,KINDEX 스마트하이베타,15260,5,-250,-1.61,15267.0,43.8108,48,0,107
352560,7,KODEX 다우존스미국리츠(H),11765,5,-55,-0.47,,10.9859,2160,25,106
322130,2,KINDEX 스마트로우볼,17370,5,-260,-1.47,17372.0,34.5288,21,0,104
261070,2,TIGER 코스닥150바이오테크,14460,5,-140,-0.96,14662.0,13.31,4558,65,104
373490,2,KODEX K-이노베이션액티브,11965,5,-210,-1.72,11982.0,,44330,531,102
252730,2,KBSTAR 모멘텀로우볼,16900,5,-275,-1.6,16898.0,42.768,36,0,101
342140,7,KINDEX 모닝스타싱가포르리츠채권혼합,10065,5,-20,-0.2,,3.1186,23,0,101
225030,4,TIGER 미국S&P500선물인버스(H),4455,2,35,0.79,,-14.4241,123745,548,100
365780,6,KINDEX 국고채10년,98185,5,-195,-0.2,98187.0,-0.8097,207,20,100
160580,5,TIGER 구리실물,8130,2,80,0.99,,12.9824,3790,30,100
208470,4,SMART 선진국MSCI World(합성 H),16595,3,0,0.0,,16.1708,3,0,100
266160,2,KBSTAR 고배당,11650,5,-160,-1.35,11686.0,23.8464,19093,221,99
322120,2,KINDEX 스마트퀄리티,19660,5,-350,-1.75,19672.0,38.6694,40,0,98
205720,4,KINDEX 일본TOPIX인버스(합성 H),4680,5,-5,-0.11,,-13.0798,5810,27,98
333970,2,ARIRANG KS밸류가중TR,15105,5,-280,-1.82,15191.0,33.2611,73,1,98
196030,4,KINDEX 일본TOPIX레버리지(H),19385,5,-60,-0.31,,32.2789,634,12,97
307510,2,TIGER 의료기기,19225,5,-70,-0.36,19206.0,-5.6249,1444,27,96
310080,4,KBSTAR 중국MSCI China선물(H),15985,5,-10,-0.06,,15.7799,8401,134,96
220130,4,SMART 중국본토 중소형 CSI500(합성 H),5325,5,-75,-1.39,,7.8921,1768,9,96
252650,1,KODEX 200동일가중,11840,2,30,0.25,11909.0,26.7847,162,1,95
101280,4,KODEX 일본TOPIX100,15785,2,85,0.54,,14.9761,281,4,95
300640,2,KBSTAR 게임테마,14535,5,-235,-1.59,14532.0,25.3288,34564,500,94
157500,2,TIGER 증권,4530,5,-90,-1.95,4542.0,22.8723,32958,149,92
195920,4,TIGER 일본TOPIX(합성 H),15395,5,-30,-0.19,,15.3702,99,1,92
200030,4,KODEX 미국S&P산업재(합성),17235,2,200,1.17,,10.366,93002,1601,92
352540,7,KODEX TSE일본리츠(H),11400,2,70,0.62,,12.345,21287,244,91
333960,2,ARIRANG KS모멘텀가중TR,16535,5,-325,-1.93,16534.0,35.5305,52,0,91
138920,5,KODEX 콩선물(H),11320,2,175,1.57,,26.2889,7782,88,91
315480,2,KBSTAR 200커뮤니케이션서비스,17945,5,-350,-1.91,18002.0,25.3082,201,3,90
105780,2,KBSTAR 5대그룹주,8970,5,-65,-0.72,8978.0,47.6307,16843,151,90
137930,3,마이다스 200커버드콜5%OTM,14910,3,0,0.0,14823.0,16.0311,0,0,89
337160,2,KODEX 200ESG,14910,5,-220,-1.45,14906.0,40.2224,31200,465,89
152280,1,KOSEF 200 선물,19025,5,-375,-1.93,19023.0,37.882,115,2,89
346000,6,HANARO KAP초장기국고채,48005,5,-105,-0.22,48084.0,-3.2557,634,30,88
185680,4,KODEX 미국S&P바이오(합성),39015,5,-340,-0.86,,40.1531,1767,69,88
105010,4,TIGER 라틴35,3130,2,10,0.32,,32.653,42899,133,88
253230,3,KOSEF 200선물인버스2X,2110,2,65,3.18,2114.0,-49.816,471719,986,87
375270,7,KBSTAR 글로벌데이터센터리츠나스닥(합성),10850,5,-60,-0.55,,,153326,1660,87
170350,2,TIGER 베타플러스,19620,5,-245,-1.23,19662.0,43.5851,1038,20,86
261140,2,TIGER 우선주,15915,5,-5,-0.03,15921.0,46.4581,32564,516,86
140700,2,KODEX 보험,5370,5,-115,-2.1,5391.0,4.2775,34886,187,86
275280,2,KODEX MSCI모멘텀,14295,5,-240,-1.65,14295.0,37.1226,621,8,86
298340,6,ARIRANG 국채선물3년,53560,2,15,0.03,53591.0,0.2246,3,0,86
354350,4,HANARO 글로벌럭셔리S&P(합성),15460,2,90,0.59,,26.1904,7835,120,85
292560,7,TIGER 일본엔선물,10520,2,20,0.19,10514.0,-1.915,573,5,84
354240,7,KBSTAR 미국고정배당우선증권ICE TR,9900,3,0,0.0,,1.3824,1410,13,84
256450,4,ARIRANG 심천차이넥스트(합성),14000,5,-65,-0.46,,21.4069,3405,47,84
266550,2,ARIRANG 중형주저변동50,11110,2,10,0.09,11098.0,22.8555,2250,24,83
251890,1,KINDEX 코스닥(합성),13815,5,-95,-0.68,13881.0,18.1316,24,0,83
145850,2,TREX 펀더멘탈 200,41140,5,-390,-0.94,41113.0,37.3573,513,21,82
291630,3,KOSEF 코스닥150선물레버리지,6785,5,-160,-2.3,6765.0,44.0871,10424,70,82
131890,2,KINDEX 삼성그룹동일가중,16390,5,-275,-1.65,16374.0,20.4989,914,14,82
280920,2,ARIRANG 주도업종,12535,5,-175,-1.38,12537.0,43.2112,8752,109,81
281990,2,KBSTAR 중소형고배당,11595,2,105,0.91,11588.0,24.8234,24387,280,81
368470,2,KINDEX Fn K-뉴딜디지털플러스,16230,5,-265,-1.61,16232.0,,327,5,81
371150,4,KBSTAR 차이나항셍테크,12400,5,-215,-1.7,,,72514,893,81
181480,7,KINDEX 미국다우존스리츠(합성 H),79690,5,-425,-0.53,,10.8627,1841,145,80
117690,4,TIGER 차이나항셍25,17690,5,-190,-1.06,,15.4665,6141,108,80
333940,2,ARIRANG KS로우볼가중TR,13260,5,-175,-1.3,13256.0,25.9137,61,0,80
227570,2,TIGER 우량가치,11000,2,40,0.36,11021.0,20.7048,4106,45,79
174350,2,TIGER 로우볼,11305,5,-75,-0.66,11302.0,13.8455,797,8,79
305050,1,KINDEX 코스피,31645,5,-425,-1.33,31636.0,36.005,150,4,79
333980,2,ARIRANG KS퀄리티가중TR,15815,5,-170,-1.06,15803.0,31.0245,50,0,79
139320,5,TIGER 금은선물(H),9855,5,-85,-0.86,,-2.4055,12214,120,79
139290,2,TIGER 200 경기소비재,20565,2,40,0.19,20551.0,45.3611,11029,225,78
145670,3,KINDEX 인버스,4795,2,75,1.59,4805.0,-28.5931,74441,356,77
211260,2,KINDEX 배당성장,37980,5,-100,-0.26,37967.0,25.8842,59,2,76
102960,2,KODEX 기계장비,4815,5,-15,-0.31,4811.0,21.3567,9627,46,75
166400,3,TIGER 200커버드콜5%OTM,15015,5,-240,-1.57,15068.0,18.8084,4,0,75
140710,2,KODEX 운송,5345,2,40,0.75,5348.0,33.7957,65555,348,75
241390,7,KBSTAR V&S셀렉트밸류채권혼합,12335,5,-75,-0.6,12335.0,13.4265,23131,285,74
261110,7,TIGER 미국달러선물레버리지,9160,2,45,0.49,9174.0,-3.3405,2165,19,73
215620,2,흥국 S&P코리아로우볼,10570,3,0,0.0,10552.0,16.9894,0,0,73
266390,2,KODEX 경기소비재,12105,5,-265,-2.14,12095.0,28.9885,6817,82,73
289250,2,TIGER MSCI KOREA ESG유니버설,12725,5,-290,-2.23,12796.0,39.4364,979,12,73
189400,4,ARIRANG 글로벌MSCI(합성 H),16115,5,-60,-0.37,,16.9558,1188,19,73
373790,4,KOSEF 미국방어배당성장나스닥,10160,5,-115,-1.12,,,563,5,71
295000,6,KBSTAR 국채선물10년,56240,5,-115,-0.2,56247.0,-1.0014,31,1,71
253280,2,KBSTAR 헬스케어,17545,5,-185,-1.04,17542.0,14.2396,3958,69,70
292130,2,TIGER 중소형성장,11695,5,-180,-1.52,11762.0,15.7971,5329,63,70
147970,2,TIGER 모멘텀,23240,5,-270,-1.15,23241.0,29.3321,868,20,70
302170,6,TIGER 국채선물3년인버스,49655,3,0,0.0,49635.0,0.0201,0,0,70
314700,2,HANARO 농업융복합산업,12625,2,75,0.6,12621.0,25.1246,8672,109,69
309210,2,ARIRANG KRX300헬스케어,15060,5,-230,-1.5,15156.0,16.1412,4518,68,69
213630,4,ARIRANG 미국다우존스고배당주(합성 H),13065,2,45,0.35,,16.1981,1166,15,69
292140,2,TIGER 중소형가치,11470,5,-130,-1.12,11580.0,29.6089,343,3,69
306530,3,HANARO 코스닥150선물레버리지,13720,5,-315,-2.24,13717.0,43.9487,3296,44,69
368200,2,KBSTAR Fn K-뉴딜디지털플러스,13585,5,-165,-1.2,13581.0,,7935,107,68
275300,2,KODEX MSCI퀄리티,11280,5,-185,-1.61,11333.0,10.7729,45,0,68
291130,4,KINDEX 멕시코MSCI(합성),8460,2,20,0.24,,19.8863,581,4,68
104530,2,KOSEF 고배당,7495,5,-70,-0.93,7494.0,8.0714,1414,10,67
211560,2,TIGER 배당성장,18670,5,-125,-0.67,18752.0,25.7527,865,16,67
192720,2,파워 고배당저변동성,27960,5,-190,-0.67,28115.0,18.4515,73,2,67
292100,2,TIGER 대형성장,13370,5,-180,-1.33,13359.0,35.6356,661,8,67
252000,1,TIGER 200동일가중,12100,2,10,0.08,12048.0,28.5486,57,0,67
238670,7,ARIRANG 스마트베타Quality채권혼합,11085,5,-10,-0.09,11084.0,7.4576,402,4,67
296710,2,KODEX FnKorea50,11050,5,-10,-0.09,11075.0,28.2318,3,0,66
098560,2,TIGER 방송통신,8050,2,30,0.37,8048.0,15.3956,15703,126,66
289480,2,TIGER 200커버드콜ATM,10810,3,0,0.0,10724.0,9.1919,0,0,65
373530,4,ARIRANG 신흥국MSCI인버스(합성 H),8945,3,0,0.0,,,0,0,64
244660,2,KODEX 퀄리티Plus,10695,3,0,0.0,10702.0,17.5274,72,0,64
301440,2,ARIRANG 코스피중형주,11645,5,-85,-0.72,11630.0,25.12,1039,12,64
289670,6,ARIRANG 국채선물10년,57075,5,-95,-0.17,57087.0,-1.0129,84,4,64
342600,6,KBSTAR KRX국채선물3년10년스티프너2X,51955,2,70,0.13,51955.0,1.0517,6,0,62
226980,1,KODEX 200 중소형,12440,5,-75,-0.6,12425.0,29.8236,4920,60,62
292110,2,TIGER 대형가치,12365,5,-165,-1.32,12437.0,38.0716,244,3,62
342500,6,KBSTAR KRX국채선물3년10년스티프너,51170,2,40,0.08,51154.0,0.5803,6,0,61
371870,4,KINDEX 차이나항셍테크,12245,5,-210,-1.69,,,12883,158,61
291890,4,KODEX MSCI EM선물(H),11130,2,40,0.36,,23.2222,966,10,61
176710,6,파워 중기국고채,101900,3,0,0.0,101945.0,0.241,0,0,61
342610,6,KBSTAR KRX국채선물3년10년플래트너,49700,5,-35,-0.07,49689.0,-0.3607,6,0,60
226380,2,KINDEX Fn성장소비주도주,7405,5,-65,-0.87,7416.0,18.5714,5154,37,59
195970,4,ARIRANG 선진국MSCI(합성 H),11345,5,-45,-0.4,,19.0799,5829,66,59
267440,4,KBSTAR 미국장기국채선물(H),11790,5,-105,-0.88,,-3.332,761,8,59
342620,6,KBSTAR KRX국채선물3년10년플래트너2X,49075,5,-70,-0.14,49077.0,-0.7774,6,0,59
302180,6,TIGER 국채선물10년인버스,47600,3,0,0.0,47698.0,1.1689,0,0,57
260200,2,KOSEF 배당바이백Plus,16290,2,30,0.18,16289.0,27.7799,95,1,57
217790,2,TIGER 가격조정,25340,5,-220,-0.86,25347.0,24.4825,342,8,56
300290,2,KBSTAR 중소형모멘텀밸류,12340,5,-70,-0.56,12346.0,25.1008,28,0,56
260270,2,KOSEF 저PBR가중,15690,5,-80,-0.51,15690.0,34.4416,18413,288,55
261920,4,KINDEX 필리핀MSCI(합성),13625,2,5,0.04,,8.3963,300,4,55
261270,7,KODEX 미국달러선물인버스,10265,5,-30,-0.29,10282.0,1.4285,2885,29,54
301410,3,ARIRANG 코스닥150선물인버스,7095,2,70,1.0,7107.0,-18.7862,17755,126,53
250730,4,KBSTAR 차이나HSCEI(H),13200,5,-115,-0.86,,14.5376,1574,20,53
334690,5,KBSTAR 팔라듐선물(H),13085,2,30,0.23,,-1.136,5901,77,52
275750,1,KBSTAR 코스닥150선물인버스,4720,2,35,0.75,4735.0,-18.8042,46538,220,52
326230,2,KBSTAR 내수주플러스,10785,5,-60,-0.55,10817.0,16.6756,1357,14,52
300610,2,TIGER K게임,12715,5,-285,-2.19,12758.0,27.2638,11228,143,51
284990,2,KBSTAR 200에너지화학,14905,5,-145,-0.96,14906.0,56.4449,2916,43,51
292770,6,KODEX 국채선물3년인버스,49635,5,-5,-0.01,49616.0,-0.0101,1,0,51
269370,4,TIGER S&P글로벌인프라(합성),10020,2,75,0.75,,12.8062,502,4,50
091220,2,TIGER 은행,6250,5,-100,-1.57,6284.0,4.9413,17621,110,50
299080,6,KINDEX 국채선물3년인버스,99170,3,0,0.0,99130.0,-0.0152,0,0,50
333950,2,ARIRANG KS로우사이즈가중TR,16290,5,-175,-1.06,16289.0,33.1042,30,0,49
307520,2,TIGER 지주회사,12165,5,-100,-0.82,12086.0,26.5085,206,2,49
217770,4,TIGER 원유선물인버스(H),8100,5,-185,-2.23,,-33.2931,2743,22,49
292340,2,마이티 200커버드콜ATM레버리지,9710,5,-130,-1.32,9699.0,18.1981,1,0,49
290080,2,KBSTAR 200고배당커버드콜ATM,6930,2,65,0.95,6887.0,-5.2843,14646,100,49
261260,7,KODEX 미국달러선물인버스2X,10015,5,-65,-0.64,10018.0,2.8571,6017,60,48
299070,6,KINDEX 국채선물10년인버스,94050,3,0,0.0,94221.0,1.1671,0,0,47
244670,2,KODEX 밸류Plus,9315,2,30,0.32,9324.0,26.5848,407,3,47
291610,1,KOSEF 코스닥150선물,9645,5,-105,-1.08,9625.0,21.2686,2232,21,46
291660,4,KODEX China H선물인버스(H),9235,2,95,1.04,,-13.8955,1167,10,46
252410,3,KBSTAR 200선물인버스,5075,2,75,1.5,5088.0,-28.775,15295,77,46
304670,4,KODEX 미국채울트라30년선물인버스(H),7380,2,80,1.1,,4.2112,19004,140,44
252720,2,KBSTAR 모멘텀밸류,14640,5,-80,-0.54,14637.0,36.4858,654,9,44
295820,1,ARIRANG 200동일가중,10945,5,-55,-0.5,10924.0,28.8056,75,0,44
291620,3,KOSEF 코스닥150선물인버스,8145,2,105,1.31,8131.0,-18.8699,4383,35,43
271050,5,KODEX WTI원유선물인버스(H),11420,5,-235,-2.02,,-32.5131,40491,462,43
227550,2,TIGER 200 산업재,6095,2,175,2.96,6098.0,34.3927,5120,30,43
287330,2,KBSTAR 200생활소비재,8855,5,-40,-0.45,8893.0,14.7001,403,3,43
227560,2,TIGER 200 생활소비재,11685,2,5,0.04,11675.0,14.904,5393,62,42
292570,7,TIGER 일본엔선물레버리지,10375,2,20,0.19,10365.0,-4.2091,382,3,42
321410,7,KODEX 멀티에셋하이인컴(H),10375,5,-25,-0.24,,7.0509,1714,17,42
253240,3,KOSEF 200선물인버스,5090,2,85,1.7,5083.0,-28.7038,17493,88,41
267490,4,KBSTAR 미국장기국채선물레버리지(합성 H),13485,5,-90,-0.66,,-6.7652,592,7,40
278420,2,ARIRANG ESG우수기업,8890,5,-105,-1.17,8890.0,17.275,2407,21,40
267450,4,KBSTAR 미국장기국채선물인버스(H),7955,2,40,0.51,,2.6588,156,1,40
140570,2,KBSTAR 수출주,12950,5,-85,-0.65,12924.0,42.0708,94,1,39
300280,2,KBSTAR 중소형모멘텀로우볼,11080,5,-105,-0.94,11075.0,20.4631,16,0,39
295020,6,KBSTAR 국채선물10년인버스,46995,2,100,0.21,46961.0,1.154,26,1,39
292580,7,TIGER 일본엔선물인버스,9465,2,55,0.58,9457.0,1.1827,1,0,38
301400,1,ARIRANG 코스닥150,14795,5,-165,-1.1,14884.0,20.3055,264,3,37
291680,4,KBSTAR 차이나H선물인버스(H),9145,2,165,1.84,,-14.3539,210,1,37
269530,4,ARIRANG S&P글로벌인프라,10365,5,-65,-0.62,,9.7894,502,5,36
139240,2,TIGER 200 철강소재,7530,5,-35,-0.46,7566.0,24.1181,5377,40,36
280940,4,KODEX 골드선물인버스(H),7210,2,70,0.98,,2.5125,6228,44,36
140580,2,KBSTAR 우량업종,11630,5,-95,-0.81,11618.0,24.6014,269,3,35
292590,7,TIGER 일본엔선물인버스2X,8520,2,10,0.12,8493.0,3.0266,59,0,34
139310,5,TIGER 금속선물(H),5590,5,-5,-0.09,,10.9018,1929,10,34
309170,2,ARIRANG KRX300IT,20285,5,-430,-2.08,20306.0,48.7612,5353,109,28
287310,2,KBSTAR 200경기소비재,12760,2,45,0.35,12780.0,45.2312,4134,52,26
284980,2,KBSTAR 200금융,7610,5,-95,-1.23,7596.0,7.8376,2548,19,23
285010,2,KBSTAR 200중공업,8505,2,20,0.24,8417.0,15.2853,189,1,22
334700,5,KBSTAR 팔라듐선물인버스(H),5465,5,-30,-0.55,,-1.6995,1105,6,22
287300,2,KBSTAR 200건설,11200,5,-235,-2.06,11203.0,47.4532,15567,176,20
267500,4,KBSTAR 미국장기국채선물인버스2X(합성 H),6095,2,65,1.08,,5.4195,1083,6,18
285020,2,KBSTAR 200철강소재,7230,5,-15,-0.21,7231.0,23.6348,430,3,17
287320,2,KBSTAR 200산업재,11035,2,285,2.65,11045.0,34.9654,6159,67,13
